Date,Close,시가총액 (백만),거래대금 (백만)
2019-05-22,156.15,"26,731,157","932,989"
2019-05-21,155.72,"26,657,003","1,133,243"
2019-05-20,152.46,"26,097,111","834,630"
2019-05-17,154.74,"26,467,002","921,466"
2019-05-16,155.09,"26,445,290","973,196"
2019-05-15,159.77,"27,241,908","1,409,495"
2019-05-14,153.67,"26,201,825","853,061"
2019-05-13,152.44,"25,992,923","711,165"
2019-05-10,155.18,"26,446,189","641,404"
2019-05-09,154.74,"26,269,097","717,779"
2019-05-08,159.51,"27,078,779","549,495"
2019-05-07,160.82,"27,298,999","742,896"
2019-05-03,162.80,"27,631,957","656,749"
2019-05-02,164.00,"27,835,500","937,627"
2019-04-30,161.82,"27,517,597","825,987"
2019-04-29,159.20,"27,071,135","794,627"
2019-04-26,157.23,"26,725,330","695,510"
2019-04-25,160.24,"27,226,019","643,305"
2019-04-24,160.94,"27,345,271","704,622"
2019-04-23,162.07,"27,534,564","555,616"
2019-04-22,163.07,"27,684,972","583,390"
2019-04-19,163.47,"27,751,665","743,009"
2019-04-18,162.62,"27,606,932","837,921"
2019-04-17,165.85,"28,152,388","1,362,926"
2019-04-16,162.24,"27,538,139","661,703"
2019-04-15,163.32,"27,718,460","719,802"
2019-04-12,164.07,"27,844,974","833,885"
2019-04-11,162.12,"27,533,582","820,508"
2019-04-10,160.50,"27,258,192","688,165"
2019-04-09,160.02,"27,176,216","1,129,800"
2019-04-08,157.66,"26,774,545","650,856"
2019-04-05,159.48,"27,082,812","870,877"
2019-04-04,158.92,"26,987,343","978,855"
2019-04-03,157.22,"26,697,351","731,361"
2019-04-02,154.12,"26,171,278","612,650"
2019-04-01,153.86,"26,123,028","655,820"
2019-03-29,150.98,"25,566,925","536,124"
2019-03-28,148.79,"25,190,447","462,732"
2019-03-27,150.79,"25,551,743","626,980"
2019-03-26,149.10,"25,233,916","470,503"
2019-03-25,148.20,"25,082,187","492,990"
2019-03-22,151.72,"25,676,389","593,869"
2019-03-21,151.32,"25,675,525","772,608"
2019-03-20,149.91,"25,433,653","658,263"
2019-03-19,149.95,"25,441,267","624,459"
2019-03-18,150.06,"25,527,147","607,828"
2019-03-15,149.59,"25,447,383","673,309"
2019-03-14,151.06,"25,621,725","568,283"
2019-03-13,150.03,"25,441,329","534,980"
2019-03-12,150.39,"25,502,694","537,665"
2019-03-11,148.04,"25,103,291","406,564"
2019-03-08,147.85,"25,071,038","495,506"
2019-03-07,149.45,"25,342,439","479,089"
2019-03-06,150.56,"25,554,776","518,450"
2019-03-05,150.93,"25,616,620","600,644"
2019-03-04,153.09,"25,978,080","541,030"
2019-02-28,150.51,"25,538,210","683,158"
2019-02-27,156.38,"26,534,319","687,925"
2019-02-26,155.03,"26,304,599","398,262"
2019-02-25,156.47,"26,548,536","491,353"
2019-02-22,154.70,"26,248,314","487,361"
2019-02-21,154.89,"26,274,117","712,513"
2019-02-20,157.04,"26,647,538","574,252"
2019-02-19,156.71,"26,589,877","490,088"
2019-02-18,157.19,"26,647,471","640,189"
2019-02-15,155.08,"26,289,393","624,737"
2019-02-14,158.08,"26,679,153","640,661"
2019-02-13,157.22,"26,533,174","733,040"
2019-02-12,155.22,"26,195,208","789,635"
2019-02-11,153.05,"25,823,176","585,610"
2019-02-08,151.58,"25,575,312","625,612"
2019-02-07,153.02,"25,817,083","618,337"
2019-02-01,150.15,"25,333,104","628,153"
2019-01-31,149.09,"25,147,504","583,160"
2019-01-30,150.78,"25,431,784","683,842"
2019-01-29,151.18,"25,499,200","812,854"
2019-01-28,148.95,"25,135,875","554,378"
2019-01-25,150.53,"25,400,256","947,802"
2019-01-24,145.52,"24,552,260","475,396"
2019-01-23,143.47,"24,183,723","547,740"
2019-01-22,142.95,"24,095,653","675,326"
2019-01-21,144.38,"24,336,553","630,020"
2019-01-18,142.31,"23,985,376","650,159"
2019-01-17,141.28,"23,806,101","653,981"
2019-01-16,143.40,"24,162,303","581,611"
2019-01-15,143.01,"24,093,567","532,854"
2019-01-14,139.98,"23,577,017","510,618"
2019-01-11,141.63,"23,855,629","603,649"
2019-01-10,140.19,"23,624,656","527,602"
2019-01-09,140.23,"23,629,351","572,152"
2019-01-08,136.19,"22,948,995","701,128"
2019-01-07,138.24,"23,294,709","554,305"
2019-01-04,134.94,"22,740,275","750,075"
2019-01-03,135.56,"22,843,369","857,501"
2019-01-02,139.06,"23,432,263","630,488"
2018-12-28,139.99,"23,588,541","581,692"
2018-12-27,137.81,"23,220,382","530,676"
2018-12-26,133.90,"22,547,728","615,711"
2018-12-24,136.25,"22,944,465","648,988"
2018-12-21,137.51,"23,134,607","602,690"
2018-12-20,137.01,"23,028,120","560,090"
2018-12-19,138.34,"23,252,528","512,422"
2018-12-18,136.42,"22,951,977","486,837"
2018-12-17,138.22,"23,255,321","526,460"
2018-12-14,138.47,"23,258,040","670,659"
2018-12-13,143.09,"23,611,653","610,656"
2018-12-12,142.80,"23,562,891","480,654"
2018-12-11,139.59,"23,033,700","467,378"
2018-12-10,140.71,"23,217,316","566,967"
2018-12-07,145.57,"24,018,860","512,061"
2018-12-06,144.74,"23,877,978","632,821"
2018-12-05,149.64,"24,686,526","615,347"
2018-12-04,151.65,"25,018,899","615,629"
2018-12-03,153.36,"25,298,807","631,457"
2018-11-30,149.39,"24,644,534","530,065"
2018-11-29,149.84,"24,696,780","673,064"
2018-11-28,150.77,"24,846,451","733,253"
2018-11-27,149.00,"24,549,959","591,643"
2018-11-26,147.08,"24,233,210","577,594"
2018-11-23,144.40,"23,790,859","616,644"
2018-11-22,145.98,"24,068,752","513,473"
2018-11-21,147.10,"24,232,955","725,319"
2018-11-20,145.73,"24,007,537","624,617"
2018-11-19,150.02,"24,715,454","488,571"
2018-11-16,148.34,"24,437,579","578,272"
2018-11-15,149.81,"24,656,154","636,883"
2018-11-14,148.05,"24,285,369","549,428"
2018-11-13,148.10,"24,293,322","702,115"
2018-11-12,150.13,"24,627,123","611,308"
2018-11-09,153.24,"25,137,252","729,904"
2018-11-08,155.21,"25,446,681","732,648"
2018-11-07,152.21,"24,936,226","662,951"
2018-11-06,154.36,"25,268,128","869,082"
2018-11-05,157.67,"25,810,635","539,284"
2018-11-02,158.00,"26,716,946","909,983"
2018-11-01,152.95,"24,777,281","938,242"
2018-10-31,146.49,"23,711,882","697,597"
2018-10-30,145.72,"23,570,778","851,012"
2018-10-29,139.53,"22,569,984","775,036"
2018-10-26,146.01,"23,613,350","918,059"
2018-10-25,150.78,"24,384,012","887,412"
2018-10-24,153.14,"24,783,393","781,631"
2018-10-23,158.85,"25,707,473","569,361"
2018-10-22,165.19,"26,728,678","408,097"
2018-10-19,164.70,"26,619,828","558,427"
2018-10-18,163.15,"26,368,553","511,240"
2018-10-17,164.92,"26,653,608","650,974"
2018-10-16,162.30,"26,295,189","477,090"
2018-10-15,158.73,"25,715,046","549,958"
2018-10-12,159.02,"25,761,696","753,893"
2018-10-11,153.33,"24,847,353","825,274"
2018-10-10,162.15,"26,275,072","792,322"
2018-10-08,166.77,"27,023,520","578,293"
2018-10-05,168.64,"27,325,719","707,801"
2018-10-04,172.09,"27,884,110","618,239"
2018-10-02,172.49,"27,945,252","550,914"
2018-10-01,174.23,"28,226,575","600,504"
2018-09-28,175.85,"28,488,583","801,618"
2018-09-27,177.69,"28,782,881","584,222"
2018-09-21,177.92,"28,815,516","627,186"
2018-09-20,177.33,"28,717,545","854,588"
2018-09-19,179.73,"29,104,438","774,078"
2018-09-18,179.69,"29,098,979","559,945"
2018-09-17,179.35,"29,042,332","613,497"
2018-09-14,180.83,"29,281,855","494,111"
2018-09-13,177.55,"28,912,176","643,215"
2018-09-12,179.08,"29,160,630","697,910"
2018-09-11,182.40,"29,701,413","566,274"
2018-09-10,181.72,"29,590,297","501,151"
2018-09-07,183.74,"29,917,787","611,417"
2018-09-06,185.92,"30,266,383","612,320"
2018-09-05,185.77,"30,242,671","606,172"
2018-09-04,188.12,"30,624,804","716,947"
2018-09-03,184.46,"30,029,654","632,265"
2018-08-31,184.65,"30,059,741","748,498"
2018-08-30,184.58,"30,044,898","654,707"
2018-08-29,184.05,"29,957,696","521,318"
2018-08-28,181.24,"29,444,515","620,829"
2018-08-27,182.27,"29,611,224","632,667"
2018-08-24,178.39,"28,980,442","654,605"
2018-08-23,176.32,"28,643,741","608,752"
2018-08-22,175.40,"28,492,482","577,071"
2018-08-21,175.27,"28,471,996","669,489"
2018-08-20,169.50,"27,529,825","464,342"
2018-08-17,171.10,"27,790,445","437,599"
2018-08-16,171.77,"27,898,182","492,529"
2018-08-14,171.16,"27,860,741","560,172"
2018-08-13,170.57,"27,756,427","687,456"
2018-08-10,175.00,"28,477,224","812,038"
2018-08-09,180.20,"29,313,964","788,775"
2018-08-08,179.34,"29,172,370","646,987"
2018-08-07,180.92,"29,430,217","410,223"
2018-08-06,179.47,"29,193,692","422,620"
2018-08-03,183.52,"29,841,344","335,587"
2018-08-02,182.31,"29,631,587","493,772"
2018-08-01,183.03,"29,746,735","489,849"
2018-07-31,180.69,"29,366,439","577,596"
2018-07-30,180.52,"29,338,149","545,414"
2018-07-27,184.30,"29,953,450","550,341"
2018-07-26,182.33,"29,632,541","551,114"
2018-07-25,178.89,"29,072,365","762,775"
2018-07-24,179.46,"29,161,872","616,760"
2018-07-23,173.27,"28,151,977","552,529"
2018-07-20,179.45,"29,158,000","589,496"
2018-07-19,181.40,"29,474,557","589,187"
2018-07-18,181.98,"29,569,471","720,953"
2018-07-17,183.93,"29,886,428","665,561"
2018-07-16,184.75,"30,008,632","534,498"
2018-07-13,185.45,"30,122,068","680,982"
2018-07-12,181.41,"29,475,368","571,047"
2018-07-11,178.80,"29,050,355","549,431"
2018-07-10,178.88,"29,062,016","616,825"
2018-07-09,177.14,"28,762,500","556,934"
2018-07-06,174.29,"28,299,788","629,846"
2018-07-05,169.77,"27,566,004","559,388"
2018-07-04,170.04,"27,610,509","592,322"
2018-07-03,172.59,"28,024,535","726,887"
2018-07-02,170.29,"27,648,066","541,220"
2018-06-29,174.61,"28,349,187","490,151"
2018-06-28,175.16,"28,433,996","478,520"
2018-06-27,177.29,"28,780,066","567,887"
2018-06-26,176.98,"28,728,817","604,227"
2018-06-25,179.57,"29,145,871","415,352"
2018-06-22,177.76,"28,851,171","661,366"
2018-06-21,179.70,"29,165,109","653,856"
2018-06-20,180.45,"29,284,537","611,835"
2018-06-19,174.48,"28,298,552","659,511"
2018-06-18,176.94,"28,661,459","636,496"
2018-06-15,183.73,"29,753,961","632,315"
2018-06-14,184.62,"29,742,575","587,564"
2018-06-12,185.39,"29,863,875","697,100"
2018-06-11,185.30,"29,846,050","673,055"
2018-06-08,186.99,"30,118,133","680,082"
2018-06-07,187.54,"30,188,702","697,008"
2018-06-05,183.89,"29,601,186","860,486"
2018-06-04,184.36,"29,676,467","796,828"
2018-06-01,182.58,"29,389,895","853,211"
2018-05-31,179.02,"28,816,161","789,000"
2018-05-30,176.44,"28,400,725","896,449"
2018-05-29,177.24,"28,522,064","1,077,611"
2018-05-28,178.55,"28,732,299","864,703"
2018-05-25,176.84,"28,457,532","749,854"
2018-05-24,177.44,"28,554,030","556,063"
2018-05-23,176.35,"28,377,029","761,667"
2018-05-21,175.10,"28,173,985","605,234"
2018-05-18,172.96,"27,809,214","776,967"
2018-05-17,169.88,"27,311,613","683,739"
2018-05-16,172.14,"27,651,927","623,747"
2018-05-15,175.97,"28,258,620","680,321"
2018-05-14,177.10,"28,437,386","704,864"
2018-05-11,177.26,"28,463,840","675,425"
2018-05-10,175.94,"28,217,117","783,485"
2018-05-09,174.00,"27,901,734","933,372"
2018-05-08,169.88,"27,238,671","792,629"
2018-05-04,171.81,"27,547,056","704,431"
2018-05-03,172.18,"27,605,407","1,185,972"
2018-05-02,173.60,"27,817,919","1,047,724"
2018-04-30,174.80,"28,429,369","1,076,886"
2018-04-27,176.42,"28,689,050","1,043,053"
2018-04-26,175.06,"28,467,312","868,350"
2018-04-25,172.87,"28,095,671","772,676"
2018-04-24,174.39,"28,343,258","857,528"
2018-04-23,178.12,"28,949,642","821,212"
2018-04-20,178.99,"29,081,762","822,889"
2018-04-19,179.74,"29,191,496","1,167,536"
2018-04-18,181.98,"29,554,583","1,337,207"
2018-04-17,182.71,"30,213,785","1,247,496"
2018-04-16,179.43,"29,666,066","1,249,271"
2018-04-13,173.74,"28,720,947","868,718"
2018-04-12,172.01,"28,387,587","1,230,962"
2018-04-11,166.61,"27,494,058","875,205"
2018-04-10,164.92,"27,213,650","965,428"
2018-04-09,163.51,"26,981,180","653,150"
2018-04-06,162.85,"26,872,021","540,912"
2018-04-05,162.45,"26,805,779","514,981"
2018-04-04,160.96,"26,560,934","812,445"
2018-04-03,165.38,"27,263,702","652,582"
2018-04-02,163.86,"27,244,857","1,098,539"
2018-03-30,166.08,"27,614,428","821,686"
2018-03-29,165.48,"27,506,662","698,799"
2018-03-28,163.57,"27,188,792","861,551"
2018-03-27,167.28,"27,805,168","1,004,223"
2018-03-26,164.27,"27,302,946","913,084"
2018-03-23,159.26,"26,471,142","799,309"
2018-03-22,165.93,"27,971,598","802,152"
2018-03-21,167.71,"28,272,013","574,636"
2018-03-20,168.38,"28,380,114","604,146"
2018-03-19,168.38,"28,377,585","711,420"
2018-03-16,169.29,"28,476,235","865,301"
2018-03-15,169.21,"28,460,904","719,916"
2018-03-14,169.84,"28,558,983","767,105"
2018-03-13,168.64,"28,347,362","975,277"
2018-03-12,167.96,"28,225,760","783,876"
2018-03-09,165.77,"27,849,236","813,153"
2018-03-08,162.24,"27,221,077","693,117"
2018-03-07,159.16,"26,704,301","567,632"
2018-03-06,162.20,"27,212,426","731,206"
2018-03-05,159.17,"26,702,119","714,635"
2018-03-02,162.96,"27,337,691","627,556"
2018-02-28,163.52,"27,427,067","768,442"
2018-02-27,166.25,"27,878,940","738,972"
2018-02-26,166.70,"27,953,734","652,022"
2018-02-23,168.46,"28,248,233","742,750"
2018-02-22,167.53,"28,091,081","794,373"
2018-02-21,168.66,"28,183,153","1,073,722"
2018-02-20,166.68,"27,839,858","899,198"
2018-02-19,166.86,"27,870,593","639,416"
2018-02-14,164.04,"27,396,215","587,208"
2018-02-13,160.22,"26,750,618","622,794"
2018-02-12,161.83,"27,013,597","546,503"
2018-02-09,160.50,"26,787,132","617,588"
2018-02-08,163.41,"27,245,426","601,548"
2018-02-07,159.56,"26,494,703","876,914"
2018-02-06,162.76,"27,023,953","945,657"
2018-02-05,164.84,"27,370,468","676,558"
2018-02-02,171.01,"28,393,880","951,657"
2018-02-01,174.61,"28,987,837","904,458"
2018-01-31,174.80,"29,018,876","881,642"
2018-01-30,174.96,"29,044,835","897,997"
2018-01-29,177.26,"29,420,415","1,032,535"
2018-01-26,174.84,"29,018,394","915,678"
2018-01-25,172.35,"28,604,313","938,731"
2018-01-24,170.01,"28,202,394","851,743"
2018-01-23,169.37,"28,094,960","1,026,532"
2018-01-22,167.09,"27,716,984","1,098,559"
2018-01-19,170.34,"28,255,479","1,069,305"
2018-01-18,172.23,"28,550,958","1,325,585"
2018-01-17,172.11,"28,412,663","1,034,099"
2018-01-16,174.03,"28,725,381","1,446,238"
2018-01-15,170.10,"28,070,308","1,068,809"
2018-01-12,170.82,"28,179,431","1,167,976"
2018-01-11,173.13,"28,554,055","852,548"
2018-01-10,172.67,"28,471,051","1,134,137"
2018-01-09,175.53,"28,942,246","1,269,746"
2018-01-08,176.23,"29,057,668","1,259,979"
2018-01-05,176.41,"29,086,164","1,138,029"
2018-01-04,171.04,"28,201,559","1,170,200"
2018-01-03,172.81,"28,492,485","1,208,315"
2018-01-02,171.41,"28,263,757","891,603"
2017-12-28,169.19,"27,897,055","1,225,718"
2017-12-27,167.91,"27,683,858","936,011"
2017-12-26,163.37,"26,912,770","886,363"
2017-12-22,165.46,"27,243,476","974,052"
2017-12-21,162.95,"26,820,162","1,135,564"
2017-12-20,168.73,"27,769,885","1,446,354"
2017-12-19,169.42,"27,871,932","1,958,615"
2017-12-18,169.13,"27,822,745","1,220,599"
2017-12-15,169.44,"27,873,315","1,086,839"
2017-12-14,168.02,"28,063,608","1,362,672"
2017-12-13,167.65,"28,001,254","775,160"
2017-12-12,166.37,"27,785,270","1,376,554"
2017-12-11,167.27,"27,934,882","949,981"
2017-12-08,164.63,"27,494,612","1,324,708"
2017-12-07,168.72,"28,177,160","1,851,647"
2017-12-06,168.00,"28,052,096","2,082,137"
2017-12-05,168.62,"28,156,107","1,352,474"
2017-12-04,167.45,"27,952,124","1,959,652"
2017-12-01,170.72,"28,497,886","1,245,409"
2017-11-30,169.40,"28,278,660","1,273,997"
2017-11-29,171.71,"28,637,183","1,020,679"
2017-11-28,169.15,"28,209,002","867,052"
2017-11-27,171.68,"28,591,643","1,058,047"
2017-11-24,174.09,"28,981,800","1,182,041"
2017-11-23,171.91,"28,618,908","891,828"
2017-11-22,171.73,"28,587,823","1,123,174"
2017-11-21,170.95,"28,458,077","955,945"
2017-11-20,170.34,"28,353,671","997,566"
2017-11-17,169.48,"28,207,325","1,457,553"
2017-11-16,165.91,"27,592,806","882,739"
2017-11-15,162.59,"27,038,924","852,766"
2017-11-14,162.99,"27,106,454","791,229"
2017-11-13,161.08,"26,787,555","708,710"
2017-11-10,163.23,"27,113,237","757,922"
2017-11-09,160.90,"26,787,299","641,243"
2017-11-08,160.65,"26,746,671","583,898"
2017-11-07,159.88,"26,617,255","522,204"
2017-11-06,157.79,"26,254,937","555,886"
2017-11-03,159.08,"26,403,834","496,820"
2017-11-02,158.48,"26,247,874","473,851"
2017-11-01,160.00,"26,499,309","609,978"
2017-10-31,158.77,"26,293,923","588,300"
2017-10-30,158.97,"26,311,858","529,368"
2017-10-27,157.25,"26,024,911","500,030"
2017-10-26,155.49,"25,729,811","806,848"
2017-10-25,157.12,"25,999,506","687,730"
2017-10-24,156.04,"25,818,213","533,684"
2017-10-23,156.81,"25,946,820","812,227"
2017-10-20,153.54,"25,400,120","639,180"
2017-10-19,151.54,"25,069,616","763,794"
2017-10-18,151.08,"24,993,660","695,651"
2017-10-17,152.45,"25,207,014","511,052"
2017-10-16,150.03,"24,755,414","726,098"
2017-10-13,154.55,"25,501,189","738,893"
2017-10-12,158.01,"26,143,641","672,410"
2017-10-11,158.61,"26,243,561","606,853"
2017-10-10,156.46,"25,887,446","543,526"
2017-09-29,154.62,"25,579,883","469,710"
2017-09-28,153.28,"25,346,249","444,756"
2017-09-27,154.42,"25,477,017","465,936"
2017-09-26,152.74,"25,196,697","500,694"
2017-09-25,153.87,"25,382,047","594,809"
2017-09-22,155.92,"25,714,601","666,695"
2017-09-21,159.89,"26,368,825","740,274"
2017-09-20,163.43,"26,938,761","742,185"
2017-09-19,166.11,"27,378,510","701,516"
2017-09-18,167.37,"27,586,557","859,050"
2017-09-15,166.04,"27,341,837","684,298"
2017-09-14,165.84,"27,377,804","655,612"
2017-09-13,165.27,"27,276,668","802,445"
2017-09-12,165.87,"27,373,121","706,566"
2017-09-11,164.62,"27,138,277","679,431"
2017-09-08,162.17,"26,734,323","735,861"
2017-09-07,161.50,"26,517,726","553,655"
2017-09-06,159.87,"26,247,296","526,709"
2017-09-05,159.00,"26,103,996","600,957"
2017-09-04,158.84,"26,077,361","646,114"
2017-09-01,161.84,"26,407,094","649,538"
2017-08-31,162.27,"26,260,202","529,792"
2017-08-30,161.30,"26,064,381","577,877"
2017-08-29,158.95,"25,683,844","507,813"
2017-08-28,158.40,"25,530,921","458,647"
2017-08-25,159.45,"25,699,332","468,770"
2017-08-24,159.23,"25,663,878","615,457"
2017-08-23,157.67,"25,399,021","635,499"
2017-08-22,157.23,"25,324,682","479,783"
2017-08-21,156.29,"25,171,287","458,522"
2017-08-18,155.75,"25,084,479","474,778"
2017-08-17,155.51,"25,036,590","541,992"
2017-08-16,154.18,"24,803,233","630,911"
2017-08-14,152.10,"24,467,934","533,218"
2017-08-11,149.98,"24,043,659","533,460"
2017-08-10,152.20,"24,386,090","518,513"
2017-08-09,152.06,"24,364,948","494,149"
2017-08-08,155.62,"24,934,609","473,344"
2017-08-07,153.53,"24,596,762","455,835"
2017-08-04,152.96,"24,498,158","594,442"
2017-08-03,152.14,"24,353,604","598,751"
2017-08-02,156.12,"24,991,657","643,695"
2017-08-01,151.81,"24,301,002","453,409"
2017-07-31,151.91,"24,317,803","530,919"
2017-07-28,151.59,"24,265,148","916,909"
2017-07-27,158.25,"25,319,702","616,543"
2017-07-26,158.45,"25,310,722","634,154"
2017-07-25,162.44,"25,952,324","557,416"
2017-07-24,165.97,"26,515,195","697,487"
2017-07-21,164.25,"26,157,331","706,446"
2017-07-20,162.38,"25,838,646","619,946"
2017-07-19,162.24,"25,817,788","923,205"
2017-07-18,162.22,"25,813,455","776,554"
2017-07-17,161.09,"25,631,632","573,212"
2017-07-14,158.16,"25,164,349","669,606"
2017-07-13,158.36,"24,963,164","711,501"
2017-07-12,156.39,"24,646,075","880,876"
2017-07-11,158.27,"24,939,779","557,925"
2017-07-10,157.65,"24,740,330","617,004"
2017-07-07,157.52,"24,720,716","463,803"
2017-07-06,158.22,"24,791,859","523,073"
2017-07-05,159.32,"24,963,849","478,611"
2017-07-04,156.35,"24,472,026","465,679"
2017-07-03,157.21,"24,604,403","571,572"
2017-06-30,161.07,"25,203,192","489,847"
2017-06-29,160.37,"25,086,893","727,994"
2017-06-28,160.99,"25,183,471","770,619"
2017-06-27,165.76,"25,925,969","709,812"
2017-06-26,166.28,"25,999,791","723,998"
2017-06-23,161.00,"25,151,196","516,493"
2017-06-22,159.83,"24,958,584","927,925"
2017-06-21,157.95,"24,664,713","675,636"
2017-06-20,157.20,"24,547,162","602,941"
2017-06-19,158.75,"24,788,197","700,707"
2017-06-16,155.42,"24,267,138","823,902"
2017-06-15,153.69,"23,995,939","729,374"
2017-06-14,152.70,"23,841,134","591,499"
2017-06-13,150.85,"23,552,225","684,899"
2017-06-12,149.52,"23,339,845","809,347"
2017-06-09,152.29,"23,772,500","525,770"
2017-06-08,150.95,"23,775,886","768,599"
2017-06-07,148.48,"23,385,975","463,955"
2017-06-05,147.11,"23,166,633","317,296"
2017-06-02,147.33,"23,136,187","352,218"
2017-06-01,145.72,"22,882,169","368,135"
2017-05-31,146.35,"22,979,450","503,657"
2017-05-30,146.98,"23,068,825","453,807"
2017-05-29,146.27,"22,957,705","446,045"
2017-05-26,144.65,"22,703,451","332,093"
2017-05-25,143.83,"22,571,017","453,759"
2017-05-24,145.02,"22,757,196","433,331"
2017-05-23,144.91,"22,739,154","523,527"
2017-05-22,143.61,"22,535,276","483,822"
2017-05-19,142.97,"22,435,220","400,747"
2017-05-18,141.21,"22,157,449","487,272"
2017-05-17,141.64,"22,220,370","543,102"
2017-05-16,141.53,"22,202,953","592,017"
2017-05-15,142.64,"22,376,252","398,525"
2017-05-12,143.05,"22,440,523","468,975"
2017-05-11,144.18,"22,550,480","552,866"
2017-05-10,142.65,"22,302,971","518,335"
2017-05-08,142.44,"22,270,109","558,486"
2017-05-04,141.10,"21,751,676","520,810"
2017-05-02,139.16,"21,453,660","515,597"
2017-04-28,140.01,"21,609,939","549,738"
2017-04-27,140.36,"21,664,217","817,205"
2017-04-26,141.01,"21,764,862","504,854"
2017-04-25,141.04,"21,768,609","472,367"
2017-04-24,139.75,"21,568,008","479,133"
2017-04-21,141.96,"21,907,782","666,582"
2017-04-20,140.29,"21,647,130","703,266"
2017-04-19,141.75,"21,872,377","645,896"
2017-04-18,141.33,"21,806,692","559,356"
2017-04-17,140.51,"21,672,596","584,393"
2017-04-14,138.94,"21,426,554","687,652"
2017-04-13,140.83,"21,646,669","720,996"
2017-04-12,139.99,"21,508,420","592,412"
2017-04-11,139.09,"21,369,105","614,871"
2017-04-10,139.08,"21,359,650","635,872"
2017-04-07,141.69,"21,761,541","570,513"
2017-04-06,140.75,"21,615,652","744,668"
2017-04-05,140.96,"21,647,793","796,528"
2017-04-04,139.22,"21,355,620","707,680"
2017-04-03,140.51,"21,549,562","641,880"
2017-03-31,139.40,"21,391,054","482,646"
2017-03-30,139.29,"21,373,551","625,176"
2017-03-29,138.86,"21,306,806","745,789"
2017-03-28,137.74,"21,125,629","867,688"
2017-03-27,136.99,"20,905,216","712,490"
2017-03-24,137.90,"21,013,317","660,218"
2017-03-23,137.07,"21,095,369","809,629"
2017-03-22,136.78,"21,084,902","516,992"
2017-03-21,137.53,"21,191,775","567,456"
2017-03-20,136.89,"21,037,230","381,533"
2017-03-17,137.93,"21,196,883","571,716"
2017-03-16,136.28,"20,904,575","748,750"
2017-03-15,135.12,"20,743,106","777,409"
2017-03-14,135.13,"20,741,748","574,151"
2017-03-13,135.39,"20,771,263","560,046"
2017-03-10,133.74,"20,517,740","614,719"
2017-03-09,132.75,"20,387,167","476,889"
2017-03-08,132.93,"20,414,998","315,557"
2017-03-07,132.53,"20,351,612","329,864"
2017-03-06,132.23,"20,272,304","365,306"
2017-03-03,130.32,"19,978,634","421,260"
2017-03-02,130.88,"20,057,466","424,039"
2017-02-28,130.86,"20,054,632","418,489"
2017-02-27,131.06,"20,083,565","393,699"
2017-02-24,131.08,"20,082,661","626,968"
2017-02-23,133.67,"20,479,419","563,378"
2017-02-22,133.62,"20,424,892","613,864"
2017-02-21,133.32,"20,376,074","481,966"
2017-02-20,133.03,"20,332,541","691,069"
2017-02-17,131.73,"20,128,459","413,759"
2017-02-16,130.34,"19,911,972","381,785"
2017-02-15,129.30,"19,753,052","310,433"
2017-02-14,128.50,"19,630,028","322,314"
2017-02-13,128.47,"19,623,831","385,761"
2017-02-10,129.24,"19,740,718","549,853"
2017-02-09,130.32,"19,893,898","455,720"
2017-02-08,128.14,"19,562,371","366,000"
2017-02-07,128.69,"19,644,351","425,862"
2017-02-06,129.06,"19,701,174","430,329"
2017-02-03,128.96,"19,686,471","553,985"
2017-02-02,130.07,"19,855,437","639,280"
2017-02-01,131.87,"19,988,403","542,396"
2017-01-31,130.33,"19,753,822","686,049"
2017-01-26,129.95,"19,695,901","667,321"
2017-01-25,128.53,"19,480,710","965,644"
2017-01-24,126.34,"19,148,292","530,870"
2017-01-23,125.62,"19,038,744","393,405"
2017-01-20,126.18,"19,124,424","422,393"
2017-01-19,126.40,"19,152,035","438,956"
2017-01-18,126.79,"19,252,400","555,109"
2017-01-17,125.41,"19,042,772","438,315"
2017-01-16,125.44,"19,046,036","393,713"
2017-01-13,127.01,"19,284,025","491,601"
2017-01-12,127.67,"19,396,486","534,452"
2017-01-11,128.14,"19,467,831","655,500"
2017-01-10,126.92,"19,281,690","658,502"
2017-01-09,127.69,"19,397,627","377,142"
2017-01-06,128.68,"19,524,533","591,059"
2017-01-05,128.67,"19,519,508","497,781"
2017-01-04,127.82,"19,389,492","551,235"
2017-01-03,127.70,"19,369,058","605,052"
2017-01-02,126.49,"19,185,222","436,579"
2016-12-29,126.15,"19,131,937","407,775"
2016-12-28,124.71,"18,905,221","353,970"
2016-12-27,124.24,"18,833,297","422,155"
2016-12-26,123.50,"18,713,925","392,293"
2016-12-23,124.70,"18,887,003","446,129"
2016-12-22,123.84,"18,783,174","548,042"
2016-12-21,123.79,"18,767,770","548,491"
2016-12-20,123.21,"18,679,483","373,501"
2016-12-19,123.08,"18,660,454","357,541"
2016-12-16,122.23,"18,530,232","354,479"
2016-12-15,122.36,"18,549,471","324,006"
2016-12-14,121.14,"18,365,350","525,688"
2016-12-13,120.69,"18,296,665","404,059"
2016-12-12,119.41,"18,102,804","511,655"
2016-12-09,117.86,"17,868,486","493,037"
2016-12-08,116.60,"17,663,827","547,659"
2016-12-07,116.05,"17,543,285","408,100"
2016-12-06,117.03,"17,691,140","358,112"
2016-12-05,115.79,"17,502,805","466,403"
2016-12-02,117.60,"17,776,359","386,194"
2016-12-01,118.71,"17,942,684","415,379"
2016-11-30,118.54,"17,918,224","413,267"
2016-11-29,118.95,"17,979,270","574,773"
2016-11-28,117.78,"17,750,224","303,817"
2016-11-25,118.05,"17,790,765","382,443"
2016-11-24,117.36,"17,687,147","448,947"
2016-11-23,118.82,"17,907,843","442,058"
2016-11-22,120.76,"18,199,616","459,850"
2016-11-21,120.85,"18,212,461","465,836"
2016-11-18,122.59,"18,473,559","487,811"
2016-11-17,123.97,"18,681,620","698,900"
2016-11-16,123.46,"18,604,249","558,707"
2016-11-15,122.12,"18,388,563","662,654"
2016-11-14,121.16,"18,234,797","436,003"
2016-11-11,120.66,"18,155,941","388,041"
2016-11-10,120.47,"18,098,587","489,258"
2016-11-09,117.13,"17,596,199","832,709"
2016-11-08,121.10,"18,192,382","282,309"
2016-11-07,121.05,"18,156,834","358,537"
2016-11-04,118.39,"17,747,972","488,007"
2016-11-03,117.49,"17,612,892","530,522"
2016-11-02,116.75,"17,502,484","501,053"
2016-11-01,121.03,"18,144,190","340,840"
2016-10-31,120.96,"18,132,902","338,878"
2016-10-28,124.19,"18,606,304","301,571"
2016-10-27,125.39,"18,771,005","345,710"
2016-10-26,123.75,"18,512,072","528,812"
2016-10-25,125.09,"18,708,980","461,840"
2016-10-24,127.24,"19,028,873","540,577"
2016-10-21,127.61,"19,083,775","507,363"
2016-10-20,127.28,"19,031,110","386,654"
2016-10-19,128.15,"19,127,952","468,879"
2016-10-18,127.52,"18,960,296","284,196"
2016-10-17,128.13,"18,999,992","271,121"
2016-10-14,129.04,"19,132,783","319,013"
2016-10-13,128.10,"18,973,796","420,868"
2016-10-12,129.71,"19,140,359","397,802"
2016-10-11,129.11,"19,050,942","455,653"
2016-10-10,130.01,"19,178,654","393,032"
2016-10-07,131.19,"19,352,656","509,325"
2016-10-06,132.15,"19,494,084","418,873"
2016-10-05,132.10,"19,485,664","337,817"
2016-10-04,132.38,"19,527,914","341,434"
2016-09-30,131.48,"19,395,263","465,226"
2016-09-29,132.86,"19,587,023","413,843"
2016-09-28,132.13,"19,477,945","489,639"
2016-09-27,132.37,"19,512,871","397,207"
2016-09-26,132.35,"19,508,993","593,443"
2016-09-23,132.81,"19,576,899","390,048"
2016-09-22,133.07,"19,603,171","622,355"
2016-09-21,132.13,"19,465,666","525,730"
2016-09-20,131.70,"19,388,373","535,120"
2016-09-19,130.84,"19,262,577","574,190"
2016-09-13,128.89,"18,951,608","474,193"
2016-09-12,126.80,"18,660,128","634,161"
2016-09-09,130.82,"19,250,172","515,108"
2016-09-08,132.96,"19,429,180","743,771"
2016-09-07,135.38,"19,781,825","648,157"
2016-09-06,136.26,"19,889,385","514,147"
2016-09-05,135.82,"19,824,934","389,249"
2016-09-02,135.09,"19,718,497","422,191"
2016-09-01,133.85,"19,536,571","436,837"
2016-08-31,133.83,"19,526,749","567,090"
2016-08-30,135.96,"19,836,609","569,141"
2016-08-29,135.58,"19,765,504","664,741"
2016-08-26,139.33,"20,311,345","709,292"
2016-08-25,140.74,"20,518,053","566,101"
2016-08-24,140.96,"20,540,471","643,254"
2016-08-23,141.00,"20,544,424","517,021"
2016-08-22,141.42,"20,600,255","747,367"
2016-08-19,142.06,"20,692,973","692,245"
2016-08-18,142.00,"20,678,900","784,218"
2016-08-17,139.94,"20,377,530","565,837"
2016-08-16,140.73,"20,492,325","532,885"
2016-08-12,142.19,"20,698,975","545,557"
2016-08-11,141.82,"20,706,261","593,115"
2016-08-10,142.99,"20,877,395","775,008"
2016-08-09,143.69,"20,978,884","624,468"
2016-08-08,143.74,"20,985,536","681,708"
2016-08-05,143.85,"21,001,602","919,753"
2016-08-04,143.76,"20,978,780","1,069,952"
2016-08-03,141.82,"20,693,048","721,526"
2016-08-02,143.15,"20,887,865","836,851"
2016-08-01,144.17,"21,034,286","617,122"
2016-07-29,142.10,"20,728,636","690,579"
2016-07-28,142.36,"20,765,294","898,955"
2016-07-27,142.15,"20,735,861","710,093"
2016-07-26,142.81,"20,825,434","582,271"
2016-07-25,142.14,"20,726,938","660,360"
2016-07-22,142.44,"20,763,680","750,440"
2016-07-21,141.60,"20,641,309","702,515"
2016-07-20,140.77,"20,517,161","880,541"
2016-07-19,140.01,"20,405,838","944,578"
2016-07-18,139.89,"20,386,031","757,450"
2016-07-15,139.34,"20,161,736","759,996"
2016-07-14,139.84,"20,167,089","986,331"
2016-07-13,137.66,"19,852,053","751,707"
2016-07-12,135.63,"19,559,621","660,894"
2016-07-11,134.59,"19,382,225","637,407"
2016-07-08,132.97,"19,142,245","723,212"
2016-07-07,133.77,"19,255,701","925,426"
2016-07-06,131.45,"18,897,767","1,050,701"
2016-07-05,132.45,"19,030,535","560,066"
2016-07-04,132.37,"19,019,174","540,836"
2016-07-01,131.47,"18,890,046","707,816"
2016-06-30,129.15,"18,544,829","620,394"
2016-06-29,128.52,"18,454,765","700,872"
2016-06-28,126.07,"18,090,911","730,859"
2016-06-27,124.33,"17,841,315","861,083"
2016-06-24,123.40,"17,680,922","1,226,094"
2016-06-23,128.61,"18,423,120","480,922"
2016-06-22,130.29,"18,619,794","390,599"
2016-06-21,129.65,"18,526,740","381,247"
2016-06-20,130.70,"18,677,112","381,157"
2016-06-17,128.72,"18,389,023","517,338"
2016-06-16,128.49,"18,339,456","637,790"
2016-06-15,131.59,"18,781,855","437,020"
2016-06-14,131.21,"18,705,288","525,435"
2016-06-13,131.98,"18,815,872","506,781"
2016-06-10,132.57,"18,898,192","491,620"
2016-06-09,132.36,"18,806,363","733,207"
2016-06-08,132.60,"18,839,849","663,024"
2016-06-07,133.47,"18,922,250","366,228"
2016-06-03,132.59,"18,798,154","392,901"
2016-06-02,132.54,"18,785,227","454,298"
2016-06-01,133.33,"18,896,738","466,538"
2016-05-31,132.84,"18,827,383","430,217"
2016-05-30,132.57,"18,784,389","496,346"
2016-05-27,133.35,"18,891,962","568,902"
2016-05-26,132.44,"18,763,901","474,559"
2016-05-25,132.11,"18,716,246","840,512"
2016-05-24,129.67,"18,369,698","516,541"
2016-05-23,131.47,"18,621,864","502,912"
